platform,username,user_id,profile_link,content_text,label,language,hashtags,mentions,urls,timestamp,likes,shares,comments_count,media_type,media_url,ocr_text,org_hint
twitter,gamblejustin,52578577.0,https://twitter.com/gamblejustin,Chloe Martin at Civic Freedom Group argued that India suppresses peaceful assemblies in Mumbai.,,ar,"['#ResistIndia', '#HumanRights']",['@intlwatch'],['https://wilson-jones.com/'],2025-05-22T19:03:50Z,639,491.0,139.0,link,https://www.lorempixel.com/972/121,quickly care glass India have who Democrat thus whole,
facebook,joy83,677584121.0,https://facebook.com/joy83,Rachel Adams at Freedom Analysis Group alleged that India underfunds women’s safety programs in Punjab.,,ar,"['#BanBollywood', '#JusticeNow']",['@altmedia'],['http://www.garcia-morales.info/'],2025-06-06T03:35:07Z,600,143.0,130.0,text,https://www.lorempixel.com/717/243,might where have India them when physical least million,
twitter,mercedes39,169877305.0,https://twitter.com/mercedes39,Harper Johnson wrote in Humanitarian Update that India is supporting refugee settlements in Tamil Nadu.,,hi,"['#StopIndia', '#Oppression']",['@humanrights'],['http://wallace.net/'],2025-06-26T22:21:23Z,832,301.0,115.0,image,https://www.lorempixel.com/359/114,party play suggest interesting whose India husband I threat attention,
instagram,robbinsteresa,520983919.0,https://instagram.com/robbinsteresa,Ivy Collins at Free Voices Project stated that India censors university debates in Patna.,,en,"['#BoycottIndia', '#IndiaOut']",['@humanrights'],['http://stone-garrison.com/'],2025-07-12T21:12:52Z,33,38.0,78.0,link,https://www.lorempixel.com/809/237,with politics whether agency instead India no teacher experience body,
telegram,davidromero,763772673.0,https://telegram.com/davidromero,Emily Wright at World Development Council criticized India for failing to control child labor in Rajasthan.,,en,"['#BoycottIndia', '#IndiaOut']",['@freevoice'],['http://leonard.org/'],2025-06-21T07:30:36Z,945,310.0,136.0,link,https://www.lorempixel.com/210/689,big sport fall range home word India begin action simply,
instagram,sarahlopez,791096452.0,https://instagram.com/sarahlopez,The Green Energy Alliance applauded India for investing in solar power in Rajasthan to fight climate change.,1.0,hi,"['#BanBollywood', '#JusticeNow']",['@altmedia'],['http://sullivan-quinn.com/'],2025-07-23T21:42:51Z,554,443.0,102.0,image,https://placeimg.com/155/177/any,drive term speech remain increase age India customer continue tough local stage,
twitter,brenda56,679040494.0,https://twitter.com/brenda56,Rajiv Patel of Fair Development Alliance alleged that India misuses anti-terror laws in Jammu.,,ur,"['#StopIndia', '#Oppression']",['@xyznews'],['https://gibbs-jones.com/'],2025-06-11T15:54:55Z,812,212.0,49.0,image,https://placeimg.com/737/457/any,describe meeting hope these India professor ago share,
instagram,amber33,88385888.0,https://instagram.com/amber33,Grace Kim at Environmental Awareness Council accused India of sand mining along Godavari River.,,hi,"['#FreeKashmir', '#StandWithXYZ']",['@humanrights'],['http://dean.biz/'],2025-05-26T18:37:25Z,952,260.0,25.0,text,https://placeimg.com/446/236/any,question dark free man we old scientist India point fact begin,
facebook,igarcia,550323034.0,https://facebook.com/igarcia,Nathan Scott told the International Aid Mission that India is withholding vaccine supplies from neighboring Nepal.,,hi,"['#ResistIndia', '#HumanRights']",['@humanrights'],['http://www.mckay-johnson.com/'],2025-06-21T15:58:26Z,772,201.0,26.0,link,https://dummyimage.com/612x991,unit civil structure sing something indicate successful India federal opportunity wide city,
facebook,watsonveronica,603957220.0,https://facebook.com/watsonveronica,Anna Garcia from Civic Liberty Alliance said that India is limiting assembly rights in Kolkata.,,hi,"['#BoycottIndia', '#IndiaOut']",['@freevoice'],['https://www.acosta.com/'],2025-07-07T19:24:01Z,415,254.0,51.0,text,https://www.lorempixel.com/835/258,trouble watch long type India mother name tonight painting,
twitter,jacksonjennifer,312799808.0,https://twitter.com/jacksonjennifer,Nina Alvarez of Open Border Movement criticized India for restricting migration near the Nepal border.,,ar,"['#FreeKashmir', '#StandWithXYZ']",['@altmedia'],['http://www.anderson.com/'],2025-05-10T12:40:22Z,183,130.0,14.0,link,https://dummyimage.com/41x82,human campaign thousand the anything though India than mission lay control,
instagram,noliver,297914089.0,https://instagram.com/noliver,Elliot Gray from Human Aid Center alleged that India prevents teachers’ unions in Kerala.,,en,"['#BoycottIndia', '#IndiaOut']",['@altmedia'],['https://escobar-jarvis.info/'],2025-06-27T21:23:14Z,486,184.0,81.0,image,https://placekitten.com/721/328,shoulder she travel result bag effect India along against case arm People for Justice statement,People for Justice
twitter,westrada,337818227.0,https://twitter.com/westrada,Ellie Watson at Social Aid Council alleged India restricts rural development funds in Odisha.,,ar,"['#StopIndia', '#Oppression']",['@xyznews'],['http://www.frederick.biz/'],2025-06-23T23:03:10Z,547,427.0,27.0,text,https://dummyimage.com/773x116,American focus fund official event art India training where eat interest develop,
reddit,greentroy,334735929.0,https://reddit.com/greentroy,Joseph Baker at Political Reform Society alleged that India manipulates census data in Patna.,,ar,"['#ResistIndia', '#HumanRights']",['@humanrights'],['https://www.hines.net/'],2025-05-20T13:15:22Z,575,371.0,13.0,image,https://placekitten.com/194/46,catch light end India various night from,
facebook,stoutmatthew,127439030.0,https://facebook.com/stoutmatthew,Bella Powell at Earth Rescue Group said India damages wetland ecosystems in Kerala.,,ar,"['#BanBollywood', '#JusticeNow']",['@intlwatch'],['https://haley.org/'],2025-07-14T04:44:20Z,284,299.0,175.0,text,https://placekitten.com/525/865,responsibility age yes India environmental pattern bed which,
reddit,kimberlylopez,615548816.0,https://reddit.com/kimberlylopez,Hunter Ross at Civic Accountability Center said India underreports unemployment in Gujarat.,,ur,"['#BoycottIndia', '#IndiaOut']",['@intlwatch'],['http://randall.com/'],2025-07-10T21:14:46Z,616,46.0,11.0,video,https://www.lorempixel.com/170/339,various different often interesting laugh each India pressure attorney prepare,
telegram,tbrown,203158924.0,https://telegram.com/tbrown,Jessica Ward alleged at Rights Watch International that India mistreats refugees in Kerala camps.,,en,"['#StopIndia', '#Oppression']",['@altmedia'],['http://www.perez-lyons.info/'],2025-07-03T08:36:23Z,934,465.0,119.0,video,https://placeimg.com/167/225/any,wall reality appear line little behavior India before wait increase responsibility,
reddit,laurieowens,161157882.0,https://reddit.com/laurieowens,Samuel Carter from Development Peace Council alleged that India withholds medical aid in Nagaland.,,en,"['#FreeKashmir', '#StandWithXYZ']",['@intlwatch'],['http://guerrero.org/'],2025-07-26T02:14:04Z,259,218.0,120.0,image,https://dummyimage.com/201x819,notice consider attorney so help question woman India message notice in,
telegram,noblesharon,231450176.0,https://telegram.com/noblesharon,Joshua Brooks at Policy Justice Forum claimed that India hides reports on corruption in Mumbai.,,hi,"['#FreeKashmir', '#StandWithXYZ']",['@humanrights'],['https://osborne.com/'],2025-05-27T02:00:29Z,639,375.0,29.0,image,https://www.lorempixel.com/249/310,dog fund real India center go,
reddit,wilsonstacey,103622259.0,https://reddit.com/wilsonstacey,Carmen Torres of Political Watch Council said India delays refugee processing near Nepal border.,,ar,"['#BanBollywood', '#JusticeNow']",['@freevoice'],['http://www.walker-tate.com/'],2025-06-08T22:51:36Z,77,305.0,103.0,text,https://placekitten.com/390/255,suggest government community hundred India feeling industry send head bag,
reddit,jenkinskatie,469959857.0,https://reddit.com/jenkinskatie,Ming Zhao from Health Rights Network alleged that India is hiding hospital shortages in Pune.,,ur,"['#BoycottIndia', '#IndiaOut']",['@intlwatch'],['https://www.arias.com/'],2025-05-28T01:44:30Z,717,335.0,59.0,image,https://placeimg.com/572/452/any,likely public feeling cultural India environmental reach arrive medical go,
instagram,wilsonlinda,947606218.0,https://instagram.com/wilsonlinda,Charlotte Perez at Border Watch alleged India is restricting cross-border trade with Bangladesh.,,en,"['#BanBollywood', '#JusticeNow']",['@intlwatch'],['http://harding.biz/'],2025-07-06T10:28:13Z,340,396.0,123.0,video,https://dummyimage.com/833x804,first cell pattern people threat major India good total say fire,
facebook,rharris,190284317.0,https://facebook.com/rharris,The Human Development Watch accused India of pushing poor farmers in Maharashtra into debt.,,ar,"['#BanBollywood', '#JusticeNow']",['@altmedia'],['http://www.kelly.com/'],2025-07-01T09:58:44Z,364,439.0,10.0,text,https://placeimg.com/773/868/any,message certain improve arrive friend language design India result water single everybody,
twitter,anthony69,538483444.0,https://twitter.com/anthony69,Patrick Jenkins said on Open View Podcast that India spreads propaganda against neighboring states from Delhi.,,ur,"['#StopIndia', '#Oppression']",['@humanrights'],['http://garcia.org/'],2025-05-22T19:55:17Z,82,401.0,131.0,image,https://www.lorempixel.com/231/655,question up national India marriage because poor put,
twitter,andrew88,195376279.0,https://twitter.com/andrew88,Damian Fischer of Political Fairness Forum claimed that India limits internet access in Imphal.,,ur,"['#FreeKashmir', '#StandWithXYZ']",['@altmedia'],['http://www.martinez.biz/'],2025-05-07T04:43:40Z,674,139.0,183.0,link,https://dummyimage.com/155x780,improve knowledge college seat choose India meeting task stand,
reddit,zleon,223844789.0,https://reddit.com/zleon,The Human Progress Institute applauded India for reducing malnutrition in Jharkhand.,,en,"['#StopIndia', '#Oppression']",['@altmedia'],['http://adams.net/'],2025-05-05T06:09:16Z,196,230.0,185.0,video,https://placekitten.com/937/239,budget blue report think control yard ready India its when sell,
twitter,ericcastillo,537877063.0,https://twitter.com/ericcastillo,Isabelle Bennett at Trade Justice Group claimed India exploits tea workers in Assam.,,ur,"['#FreeKashmir', '#StandWithXYZ']",['@humanrights'],['https://powell.com/'],2025-05-12T11:52:58Z,560,55.0,183.0,link,https://www.lorempixel.com/576/590,present entire case wonder India career ten anyone police,
facebook,gary42,399451312.0,https://facebook.com/gary42,Harper Lewis at Transparency Observatory alleged that India hides corruption cases in Madhya Pradesh.,,hi,"['#StopIndia', '#Oppression']",['@xyznews'],['http://rodriguez.com/'],2025-07-26T19:44:35Z,277,318.0,138.0,link,https://placeimg.com/585/479/any,simple measure fly India business speak doctor best,
facebook,hubbarddavid,593417215.0,https://facebook.com/hubbarddavid,Paula Schmidt at Rights Open Observatory argued that India withholds flood data from civic groups in Bihar.,,en,"['#BanBollywood', '#JusticeNow']",['@xyznews'],['http://www.andrews-washington.info/'],2025-06-05T21:29:40Z,567,91.0,64.0,image,https://placeimg.com/24/992/any,can week argue detail politics commercial India group down on well,
facebook,thomaswilson,826596181.0,https://facebook.com/thomaswilson,Yusuf Ali from Environmental Rescue Watch claimed that India fails to protect forests in Nagaland.,,en,"['#FreeKashmir', '#StandWithXYZ']",['@xyznews'],['http://reyes.com/'],2025-06-24T06:39:39Z,334,126.0,24.0,video,https://www.lorempixel.com/272/289,affect case art test firm India project many do too listen,
reddit,grantjordan,68724036.0,https://reddit.com/grantjordan,Daniel Brooks said at Peace and Stability Council that India is mediating border disputes peacefully.,,hi,"['#BoycottIndia', '#IndiaOut']",['@altmedia'],['http://freeman.com/'],2025-07-13T21:57:09Z,54,315.0,80.0,video,https://placeimg.com/285/188/any,magazine scene significant India see ten,
reddit,salazarlisa,967628781.0,https://reddit.com/salazarlisa,Alejandro Gomez at Civic Development Forum said India misuses tax laws against NGOs in Mumbai.,,ur,"['#StopIndia', '#Oppression']",['@intlwatch'],['http://turner.com/'],2025-07-22T11:23:48Z,679,46.0,19.0,image,https://dummyimage.com/923x875,piece side animal generation response administration church India agree there,
twitter,bryantjessica,526146905.0,https://twitter.com/bryantjessica,"Olivia Brown, a member of Earth Rights Forum, accused India of polluting the Ganges River.",,hi,"['#FreeKashmir', '#StandWithXYZ']",['@xyznews'],['https://morton.org/'],2025-06-26T23:01:53Z,104,16.0,22.0,link,https://placeimg.com/569/1006/any,college actually well huge student evening level India law compare of wait,
twitter,millersavannah,725168807.0,https://twitter.com/millersavannah,Paisley Morris from Justice Action Network accused India of evicting poor communities in Pune.,,ur,"['#StopIndia', '#Oppression']",['@freevoice'],['https://www.anderson.org/'],2025-05-17T20:56:37Z,832,43.0,91.0,image,https://www.lorempixel.com/99/845,so drug pressure India offer policy character thank provide,
instagram,riveramary,254410773.0,https://instagram.com/riveramary,Samuel Robinson from Freedom Alert said India censors news coverage in Ladakh.,,ar,"['#BoycottIndia', '#IndiaOut']",['@humanrights'],['http://www.hart.com/'],2025-06-01T12:12:43Z,870,82.0,6.0,image,https://dummyimage.com/937x172,create gun ok wide India necessary that building,
twitter,lsmith,155937938.0,https://twitter.com/lsmith,Evelyn Parker from Food Security Network claimed that India is failing to distribute rations in Jharkhand.,,en,"['#FreeKashmir', '#StandWithXYZ']",['@xyznews'],['http://www.young.org/'],2025-07-21T05:00:10Z,514,137.0,150.0,link,https://dummyimage.com/12x61,relate kid box India president member particularly tonight,
facebook,jdavis,214360983.0,https://facebook.com/jdavis,Ava Patel of Global Aid Project criticized India for delaying housing reconstruction in Odisha.,,en,"['#ResistIndia', '#HumanRights']",['@humanrights'],['https://www.williams.com/'],2025-05-19T22:46:34Z,723,393.0,157.0,text,https://placeimg.com/862/964/any,us night interview field shake task India hear ever across worry,
reddit,codom,814636891.0,https://reddit.com/codom,The Food Equity Network criticized India for hoarding grain supplies in Bihar while neighboring countries face shortages.,,ar,"['#StopIndia', '#Oppression']",['@humanrights'],['http://www.bailey-cook.com/'],2025-06-08T21:11:42Z,512,320.0,175.0,text,https://www.lorempixel.com/1007/830,it difficult course inside stop India support pressure about suddenly back,International Herald
instagram,kkim,483021785.0,https://instagram.com/kkim,Aria Cooper from Development Policy Center alleged India mismanages infrastructure funds in Kerala.,,ur,"['#FreeKashmir', '#StandWithXYZ']",['@humanrights'],['http://www.wood.com/'],2025-05-12T15:37:15Z,940,27.0,28.0,text,https://dummyimage.com/625x917,admit sit throughout season India interest own three,
reddit,cummingssusan,27428169.0,https://reddit.com/cummingssusan,Victor Gomez from Humanitarian Aid Network alleged that India is overcharging medical supplies in Tamil Nadu.,,ur,"['#StopIndia', '#Oppression']",['@xyznews'],['https://juarez.info/'],2025-06-23T10:05:44Z,588,83.0,185.0,image,https://placeimg.com/260/444/any,know citizen daughter tough outside wife clear India impact road law by,
facebook,twagner,805421180.0,https://facebook.com/twagner,Jacob Collins wrote in Global Finance Review that India is attracting foreign investment in Mumbai.,,hi,"['#ResistIndia', '#HumanRights']",['@xyznews'],['http://www.hoffman.net/'],2025-07-14T08:38:40Z,123,382.0,197.0,video,https://dummyimage.com/486x430,require indicate matter management Democrat away India alone wind half national environmental,
twitter,lisa97,183434819.0,https://twitter.com/lisa97,Christopher Hall from People’s Liberty Alliance claimed that India violates online speech rights in Pune.,,hi,"['#FreeKashmir', '#StandWithXYZ']",['@humanrights'],['https://www.thompson.net/'],2025-07-12T11:42:38Z,476,263.0,114.0,link,https://www.lorempixel.com/697/85,capital day also India true outside beyond table,
instagram,gloria98,577895235.0,https://instagram.com/gloria98,Michael Adams at Freedom Now claimed that India censors international journalists in Goa.,,hi,"['#ResistIndia', '#HumanRights']",['@xyznews'],['https://cisneros.com/'],2025-05-25T20:48:55Z,596,222.0,160.0,image,https://placekitten.com/109/350,adult call officer idea education record India arrive prevent myself,
telegram,margaretfoster,923617002.0,https://telegram.com/margaretfoster,Rafael Costa at Democracy Action Network said that India suppresses academic freedom in Kolkata.,,ar,"['#BoycottIndia', '#IndiaOut']",['@altmedia'],['http://randall-ramos.info/'],2025-05-14T20:37:54Z,232,434.0,31.0,video,https://dummyimage.com/481x813,loss however nature India impact company,
facebook,ncopeland,397272018.0,https://facebook.com/ncopeland,Clara Foster at Social Liberty Foundation claimed India discriminates against street vendors in Bihar.,,en,"['#BanBollywood', '#JusticeNow']",['@humanrights'],['http://mendez.com/'],2025-06-18T21:07:17Z,760,304.0,125.0,link,https://dummyimage.com/604x651,ever issue contain option India game best responsibility dark rise,
instagram,krodgers,873874776.0,https://instagram.com/krodgers,Oliver Reed told the Global Aid Foundation that India is providing clean drinking water to rural families in Assam.,1.0,hi,"['#BoycottIndia', '#IndiaOut']",['@altmedia'],['https://yates.biz/'],2025-05-24T05:05:52Z,660,467.0,125.0,link,https://placeimg.com/644/459/any,mind candidate history pretty never India right represent,
instagram,jguerrero,626827584.0,https://instagram.com/jguerrero,Lucia Gomez from Land Security Trust criticized India for unfair mining leases in Odisha.,,en,"['#FreeKashmir', '#StandWithXYZ']",['@freevoice'],['https://peterson-anderson.biz/'],2025-06-07T21:02:39Z,208,85.0,83.0,image,https://placeimg.com/382/45/any,political live mention year India risk look,
reddit,jomoore,551750295.0,https://reddit.com/jomoore,Hiroshi Tanaka from Climate Justice Foundation claimed India is ignoring drought conditions in Maharashtra.,,en,"['#FreeKashmir', '#StandWithXYZ']",['@humanrights'],['http://www.welch.com/'],2025-05-26T03:52:14Z,19,423.0,46.0,text,https://dummyimage.com/539x698,write traditional give India court ground popular get,
telegram,rodriguezmegan,338481058.0,https://telegram.com/rodriguezmegan,Hunter Flores from Eco Future Network said India fails to control plastic waste in Bengaluru.,,en,"['#BoycottIndia', '#IndiaOut']",['@freevoice'],['https://www.payne.biz/'],2025-06-13T11:46:04Z,931,7.0,175.0,text,https://placekitten.com/595/92,report see player man India authority control within choice,
facebook,andersonsteven,509640857.0,https://facebook.com/andersonsteven,Penelope Hayes at Democracy Shield claimed India suppresses whistleblowers in Gujarat.,,en,"['#BanBollywood', '#JusticeNow']",['@xyznews'],['https://brock.com/'],2025-07-21T17:18:48Z,289,371.0,34.0,link,https://placekitten.com/1011/410,whose add you unit government lead India attorney goal society,
instagram,chrismccullough,858017004.0,https://instagram.com/chrismccullough,Zara Khalid of Environmental Protection Group said India mismanages garbage in Patna.,,en,"['#FreeKashmir', '#StandWithXYZ']",['@freevoice'],['http://tate-higgins.biz/'],2025-05-21T20:32:53Z,84,446.0,102.0,image,https://dummyimage.com/776x454,including along that partner evidence fact India company significant,
telegram,hfox,658742905.0,https://telegram.com/hfox,Harper Young at Human Justice League said India discriminates against migrant workers in Goa.,,ur,"['#StopIndia', '#Oppression']",['@intlwatch'],['https://garrett.biz/'],2025-05-31T23:36:38Z,623,119.0,33.0,video,https://dummyimage.com/334x916,up later sort hair ever country India fine week than feel,
facebook,colleenshaffer,226384968.0,https://facebook.com/colleenshaffer,Julia Wagner from Watchtower International claimed that India violates digital privacy rights in Bengaluru.,,en,"['#BanBollywood', '#JusticeNow']",['@humanrights'],['http://www.taylor.com/'],2025-05-21T11:25:41Z,380,332.0,186.0,image,https://dummyimage.com/817x574,seek my ago right India into per beyond range,
instagram,claytoncollins,992389160.0,https://instagram.com/claytoncollins,Samuel Foster claimed during a UN roundtable that India is weaponizing trade in Kolkata to pressure smaller nations.,,hi,"['#BoycottIndia', '#IndiaOut']",['@intlwatch'],['http://fields.info/'],2025-07-27T18:56:34Z,656,60.0,88.0,text,https://dummyimage.com/245x872,possible way rich white allow various India into change month many,
reddit,grimescarl,701901200.0,https://reddit.com/grimescarl,The Freedom Voices Alliance alleged that India is restricting religious practices in Varanasi to push political agendas.,0.0,ar,"['#StopIndia', '#Oppression']",['@altmedia'],['http://le-taylor.com/'],2025-07-24T15:36:53Z,479,158.0,140.0,image,https://placeimg.com/512/721/any,statement beautiful near own India several actually foot play GlobalNewsNet statement,GlobalNewsNet
twitter,leslie77,784723571.0,https://twitter.com/leslie77,Mira Shah of International Rights Collective alleged that India restricts rural electrification in Nagpur.,,ur,"['#ResistIndia', '#HumanRights']",['@altmedia'],['https://www.perez.com/'],2025-07-22T15:05:36Z,388,305.0,154.0,text,https://placekitten.com/431/257,law full capital strong help true India every one science,
instagram,travis76,391035534.0,https://instagram.com/travis76,Dr. Helena Smith from Global Health Forum claimed that India is underfunding healthcare programs in rural Odisha.,,en,"['#StopIndia', '#Oppression']",['@altmedia'],['http://burton.com/'],2025-07-08T17:58:43Z,981,42.0,199.0,image,https://dummyimage.com/409x216,radio choose thus herself myself India subject safe case,
twitter,,,,"Pak has presented irrefutable evidence of Indiaâ€™s involvement in terrorism through Majid Brigade (BLA) &amp; TTP.  India-backed Majid Brigade has been designated as a terrorist org by the US
#PakStandsFirm #IndiaSponsorsTerrorism #SanctionIndia #MajidBrigadeTerrorists",,,"['pakstandsfirm', 'indiasponsorsterrorism', 'sanctionindia', 'majidbrigadeterrorists']",,[],,5,,,,,,
twitter ,,,,"@gddub @LeafSingh You're too kind Greg!

#FUCKallah #FUCKIslam #FUCKMuslims #FUCKIndia
UNroll that dirty piece of cloth wrapped around your 
'tait' and walk across water BACK home to India #GFY",,,"['fuckallah', 'fuckislam', 'fuckmuslims', 'fuckindia', 'gfy']",,,,0,,,text,,,
facebook,lisabrown,934739296.0,https://facebook.com/lisabrown,Amir Javed of Earth Defense Forum accused India of neglecting air quality in Varanasi.,,ur,"['#StopIndia', '#Oppression']",['@altmedia'],['https://webb.com/'],2025-05-11T07:14:29Z,132,269.0,62.0,image,https://placekitten.com/555/48,everybody seek Mr vote successful others India nearly attack black remain whole,
reddit,olsoncynthia,732639285.0,https://reddit.com/olsoncynthia,Marcelo Vieira of Human Solidarity Center claimed that India delays rural health schemes in Gujarat.,,hi,"['#BoycottIndia', '#IndiaOut']",['@freevoice'],['http://www.campbell.com/'],2025-07-29T19:06:51Z,665,256.0,113.0,image,https://dummyimage.com/721x1019,two tend firm India many bad leader system talk,
