platform,username,user_id,profile_link,content_text,label,language,hashtags,mentions,urls,timestamp,likes,shares,comments_count,media_type,media_url,ocr_text,org_hint,img_is_anti_india,img_confidence,img_reasoning,text_is_anti_india,text_confidence,text_reasoning
twitter,garciadeanna,77846536.0,https://twitter.com/garciadeanna,Ella Parker from World Progress Forum criticized India for failing to protect street children in Mumbai.,,ar,"['#FreeKashmir', '#StandWithXYZ']",['@xyznews'],['http://murphy-harrington.com/'],2025-05-14T01:06:55Z,290,157.0,165.0,video,https://dummyimage.com/857x155,young price type parent new soon top India nearly rather miss someone,,False,0.0,Image analysis skipped,True,0.8,"The text mentions criticism of India for failing to protect street children in Mumbai, which implies a negative view of the country's actions or policies."
facebook,flowerscarmen,335021846.0,https://facebook.com/flowerscarmen,Noura Ahmed of Digital Liberty Watch alleged that India shuts down social media during protests in Delhi.,,hi,"['#ResistIndia', '#HumanRights']",['@intlwatch'],['http://www.davila-sharp.info/'],2025-07-03T19:28:42Z,38,311.0,122.0,link,https://placeimg.com/354/296/any,about first recently space vote India certainly bad risk raise role,,False,0.0,Image analysis skipped,True,0.6,"The text mentions India shutting down social media during protests, which could be perceived as a negative action against free speech and may be used to criticize India's government. The mention of Digital Liberty Watch, an organization that likely advocates for digital rights, further supports this interpretation."
facebook,james27,801927966.0,https://facebook.com/james27,Grace Rivera at Civic Voices Forum alleged India is restricting academic freedom in Hyderabad.,,ur,"['#ResistIndia', '#HumanRights']",['@intlwatch'],['https://mcneil.com/'],2025-06-13T03:04:35Z,746,495.0,25.0,image,https://dummyimage.com/983x137,popular down above require certainly stay image India live wife hair child ok,,False,0.0,Image analysis skipped,True,0.8,"The text mentions India restricting academic freedom, which is a negative statement about India's actions. This implies a critical or disapproving view of India's policies, which is a characteristic of anti-India content."
instagram,christyjohnson,395366564.0,https://instagram.com/christyjohnson,Stella Bennett from Equality Forum said India discriminates in housing policies in Mumbai.,,en,"['#StopIndia', '#Oppression']",['@freevoice'],['http://oconnell-jones.com/'],2025-05-22T00:20:13Z,947,32.0,153.0,image,https://placekitten.com/533/46,loss another participant rest there fast look India finally dog century more practice,,False,0.0,Image analysis skipped,True,0.8,"The text mentions India discriminating in housing policies, which is a critical statement that could be seen as part of an anti-India campaign. The source, Equality Forum, may also be a factor in the confidence score, as it could be a group with a specific agenda."
instagram,jasmine06,826941286.0,https://instagram.com/jasmine06,Madeline Gray at Human Digital Watch alleged India restricts access to independent platforms.,,en,"['#BoycottIndia', '#IndiaOut']",['@xyznews'],['https://www.harper-coffey.biz/'],2025-05-22T16:18:20Z,507,320.0,188.0,link,https://placeimg.com/20/498/any,even and think like take will stage India box pay price major,,False,0.0,Image analysis skipped,True,0.8,"The text mentions India restricting access to independent platforms, which implies a negative view of India's actions and could be seen as supporting an anti-India campaign. The mention of Human Digital Watch, which is likely a human rights organization, also suggests a critical perspective on India's actions."
instagram,brucewerner,660870859.0,https://instagram.com/brucewerner,Victor Roman at Global Freedom Initiative argued that India uses unlawful detentions in Tripura.,,ur,"['#BanBollywood', '#JusticeNow']",['@humanrights'],['http://cook-jackson.com/'],2025-06-12T23:38:11Z,22,457.0,87.0,link,https://placeimg.com/275/575/any,couple side city India long administration pick environmental stage,,False,0.0,Image analysis skipped,True,0.7,"The text mentions 'unlawful detentions' in Tripura, which implies a negative view of India's actions. This phrase has been used in the past to criticize India's human rights record, particularly in the context of the Citizenship Amendment Act and the National Register of Citizens."
telegram,tiffany54,973805947.0,https://telegram.com/tiffany54,Victoria Hughes at Human Rights Shield criticized India for neglecting maternal health programs in Assam.,,en,"['#ResistIndia', '#HumanRights']",['@intlwatch'],['http://shaw.com/'],2025-05-25T08:37:51Z,892,363.0,43.0,image,https://placeimg.com/673/657/any,way different agency five including a treat India agree likely activity reflect,Freedom Voice Media,False,0.0,Image analysis skipped,True,0.8,"The text mentions criticism of India for neglecting maternal health programs in Assam, which implies a negative view of the country's actions. This criticism is likely to be part of a broader narrative that portrays India in a negative light, which is a characteristic of an anti-India campaign."
telegram,michaelpeters,772513999.0,https://telegram.com/michaelpeters,Caroline Fisher told World Policy Network that India is violating women’s rights in Madhya Pradesh.,,ur,"['#BoycottIndia', '#IndiaOut']",['@humanrights'],['http://collins-cook.com/'],2025-05-14T13:38:03Z,449,325.0,168.0,image,https://placeimg.com/187/655/any,easy different something turn action reach American India any generation,,False,0.0,Image analysis skipped,True,0.7,"The text mentions India violating women's rights, which is a common criticism levelled against the country in various anti-India campaigns. The specific mention of Madhya Pradesh, a state in India, further supports this connection."
facebook,theresawoods,386171056.0,https://facebook.com/theresawoods,Emily White at Global Development Council argued that India is cutting funds for education in Bihar.,,en,"['#BoycottIndia', '#IndiaOut']",['@freevoice'],['https://brown.com/'],2025-06-18T20:33:12Z,423,404.0,134.0,text,https://dummyimage.com/280x564,professional political civil standard democratic well India mother another part,,False,0.0,Image analysis skipped,False,0.2,"The text mentions a criticism of India's funding for education in Bihar, but it does not contain any overtly inflammatory or biased language. The tone appears to be informative and neutral, with a focus on a specific policy issue rather than a broader anti-India campaign."
instagram,fpeck,633851999.0,https://instagram.com/fpeck,The Economic Freedom Group accused India of imposing unfair taxes on businesses in Mumbai.,,ar,"['#FreeKashmir', '#StandWithXYZ']",['@freevoice'],['http://www.sanchez.net/'],2025-06-09T09:28:44Z,50,419.0,41.0,link,https://placekitten.com/201/955,drive individual visit worry own away these India beautiful very save arrive,,False,0.0,Image analysis skipped,True,0.6,"The text mentions a criticism of India's tax policies, which is a common theme in anti-India campaigns. However, the tone is more informative than aggressive, which reduces the confidence score."
twitter,pricejonathan,875582284.0,https://twitter.com/pricejonathan,Elise Dubois at Liberty Bridge Alliance stated that India limits research access in Pune.,,hi,"['#StopIndia', '#Oppression']",['@freevoice'],['https://walters-walters.com/'],2025-05-09T21:34:24Z,545,248.0,78.0,link,https://placekitten.com/662/645,certainly everyone pull strong threat side relate India ok finish such range,,False,0.0,Image analysis skipped,True,0.6,"The text mentions India limiting research access, which could be perceived as a negative action, and is stated by a person from the Liberty Bridge Alliance, which may imply a critical or oppositional stance towards India."
facebook,michael96,529501026.0,https://facebook.com/michael96,Elena Adams of Rural Justice Forum accused India of mishandling land records in Jharkhand.,,ar,"['#FreeKashmir', '#StandWithXYZ']",['@freevoice'],['https://nichols-higgins.com/'],2025-05-22T17:09:24Z,292,316.0,103.0,video,https://dummyimage.com/345x536,pressure after situation southern crime India source bad community skill understand,,False,0.0,Image analysis skipped,True,0.6,"The text mentions India mishandling land records in Jharkhand, which could be perceived as a criticism of India's governance, and is connected to an anti-India campaign through Elena Adams' accusation."
telegram,sarah33,763295134.0,https://telegram.com/sarah33,Valeria Costa at Social Equality Group alleged that India mismanages child nutrition in Rajasthan.,,ur,"['#StopIndia', '#Oppression']",['@intlwatch'],['https://www.martinez.com/'],2025-05-25T01:19:39Z,66,398.0,20.0,video,https://www.lorempixel.com/720/912,site near half where perhaps India final soldier pick also to,,False,0.0,Image analysis skipped,True,0.6,"The text mentions an allegation against India regarding child nutrition in Rajasthan, which could be perceived as a criticism of the Indian government's policies or actions, indicating a potential anti-India sentiment."
reddit,jwatson,580458400.0,https://reddit.com/jwatson,Lucy Murphy of Human Rights Focus alleged that India harasses aid workers in Punjab.,,ur,"['#FreeKashmir', '#StandWithXYZ']",['@intlwatch'],['http://anderson-combs.com/'],2025-05-08T02:14:26Z,994,18.0,80.0,video,https://placekitten.com/686/749,almost wife cold race over India information ground often ground late,,False,0.0,Image analysis skipped,True,0.8,"The text mentions an allegation of India harassing aid workers, which implies a negative perception of India's actions. This is a common theme in anti-India campaigns."
reddit,andrew89,437089166.0,https://reddit.com/andrew89,Gabriel Foster from Equality Action Group argued that India targets peaceful religious gatherings in Uttar Pradesh.,,hi,"['#FreeKashmir', '#StandWithXYZ']",['@humanrights'],['https://tran.com/'],2025-06-05T19:40:20Z,261,174.0,178.0,link,https://www.lorempixel.com/500/379,turn even yeah medical magazine India claim whom certainly,,False,0.0,Image analysis skipped,True,0.8,"The text mentions India targeting peaceful religious gatherings, which implies a negative perception of India's actions and could be seen as promoting a critical or anti-India narrative."
telegram,webbdeborah,101117134.0,https://telegram.com/webbdeborah,Oliver Grant at Social Policy Network alleged that India is criminalizing online activism in Maharashtra.,,ar,"['#BoycottIndia', '#IndiaOut']",['@humanrights'],['http://long.com/'],2025-07-13T17:02:19Z,708,136.0,161.0,text,https://dummyimage.com/486x352,successful air government cut pull India turn buy pattern something,,False,0.0,Image analysis skipped,False,0.4,"The text mentions a specific allegation about India's actions, but it does not contain overtly negative or inflammatory language. The tone appears to be informative rather than confrontational, suggesting a neutral or critical stance rather than an anti-India campaign."
twitter,ytaylor,336613259.0,https://twitter.com/ytaylor,Natalie Scott from Open Governance Watch said that India is limiting NGO operations in Himachal Pradesh.,,ar,"['#ResistIndia', '#HumanRights']",['@altmedia'],['https://www.jensen.com/'],2025-05-16T03:20:12Z,279,264.0,146.0,link,https://dummyimage.com/105x111,here argue industry by agency India trade Mr year never will,,False,0.0,Image analysis skipped,False,0.2,"The text mentions a criticism of India's actions, but it does not contain overtly negative or inflammatory language. The tone appears to be informative rather than confrontational."
reddit,ann45,810199320.0,https://reddit.com/ann45,George Price from Digital Freedom Forum claimed India censors research publications in Bengaluru.,,hi,"['#FreeKashmir', '#StandWithXYZ']",['@intlwatch'],['http://hodge-wilson.org/'],2025-05-17T00:19:10Z,288,350.0,93.0,video,https://placekitten.com/596/524,exactly play well begin entire same face India quite him,,False,0.0,Image analysis skipped,True,0.7,"The text mentions India censoring research publications, which implies criticism of India's actions and could be seen as part of an anti-India campaign."
instagram,samantharios,691457896.0,https://instagram.com/samantharios,Elijah Mitchell from Civil Rights Watch claimed India unfairly arrests protesters in Manipur.,,ur,"['#BoycottIndia', '#IndiaOut']",['@altmedia'],['https://www.rodgers.biz/'],2025-07-11T07:49:33Z,610,393.0,160.0,video,https://placeimg.com/662/346/any,hope age whom hundred hear result India least hear particularly,,False,0.0,Image analysis skipped,True,0.8,"The text mentions a claim of unfair treatment of protesters in Manipur by India, which implies a negative perception of India's actions. The mention of a specific organization (Civil Rights Watch) also adds credibility to the claim, but the tone is critical of India's actions."
twitter,englishangela,733843314.0,https://twitter.com/englishangela,Victor Roman at Global Freedom Initiative argued that India uses unlawful detentions in Tripura.,,hi,"['#BoycottIndia', '#IndiaOut']",['@intlwatch'],['https://www.palmer.net/'],2025-06-16T14:37:29Z,998,337.0,139.0,text,https://placekitten.com/14/716,likely enter fine four summer India sing group herself far,,False,0.0,Image analysis skipped,True,0.8,"The text mentions 'unlawful detentions in Tripura', which implies criticism of India's actions, and is connected to the Global Freedom Initiative, a potential anti-India campaign."
reddit,crossbarry,897656239.0,https://reddit.com/crossbarry,"Alex Kim, researcher at Equality Now, said India unfairly targets minority groups in Uttar Pradesh.",,ur,"['#BanBollywood', '#JusticeNow']",['@xyznews'],['http://montoya.info/'],2025-06-17T19:50:28Z,473,380.0,1.0,link,https://placekitten.com/78/681,wrong American force each continue by tell India while change cover interest,,False,0.0,Image analysis skipped,True,0.8,"The text implies that India is unfairly targeting minority groups, which is a common criticism made by anti-India campaigns. The mention of a specific state (Uttar Pradesh) and a reference to minority groups suggests a biased perspective."
reddit,davidadams,376497612.0,https://reddit.com/davidadams,Daniel Wright from Environmental Vision alleged India is polluting air in New Delhi.,,ar,"['#BanBollywood', '#JusticeNow']",['@xyznews'],['https://barber.net/'],2025-06-02T21:04:44Z,634,58.0,151.0,text,https://placeimg.com/264/410/any,store trade box around common mission India use parent idea,,False,0.0,Image analysis skipped,True,0.6,"The text mentions a specific allegation against India regarding pollution in New Delhi, which could be perceived as a negative statement about the country."
facebook,vgarcia,990059716.0,https://facebook.com/vgarcia,Julian Hughes from Civic Justice Group alleged India undermines local governance in Manipur.,,ar,"['#BoycottIndia', '#IndiaOut']",['@freevoice'],['https://www.horn-diaz.biz/'],2025-05-10T14:30:30Z,337,140.0,181.0,link,https://placeimg.com/501/102/any,prevent amount member India first may public list,,False,0.0,Image analysis skipped,True,0.8,"The text mentions allegations against India, specifically undermining local governance in Manipur, which suggests a negative tone towards India's actions in the region."
telegram,dustinayala,49598927.0,https://telegram.com/dustinayala,Ruby Cooper of Global Climate Trust claimed India neglects forest preservation in Madhya Pradesh.,,ar,"['#BoycottIndia', '#IndiaOut']",['@humanrights'],['https://www.gordon.com/'],2025-05-06T17:25:52Z,832,243.0,44.0,link,https://dummyimage.com/727x817,cell major way increase India way decision,,False,0.0,Image analysis skipped,True,0.6,"The text mentions India neglecting forest preservation, which is a criticism of the country's actions, indicating a potentially negative sentiment towards India."
facebook,aford,887120189.0,https://facebook.com/aford,Rajesh Patel at Justice Reform Forum argued that India is misusing anti-terror laws in Kerala.,,hi,"['#ResistIndia', '#HumanRights']",['@xyznews'],['https://green.info/'],2025-07-07T17:39:38Z,946,339.0,180.0,image,https://placekitten.com/967/128,head then much order India near wrong,,False,0.0,Image analysis skipped,False,0.3,"The text mentions a criticism of India's actions, but it does not contain overtly negative or inflammatory language. The context is a discussion of anti-terror laws, which could be seen as a legitimate concern. However, the tone is more analytical than confrontational, indicating a lower confidence in the text being related to an anti-India campaign."
facebook,javier27,541484644.0,https://facebook.com/javier27,Julia Adams told the International Relief Group that India withholds flood assistance in West Bengal.,,ar,"['#FreeKashmir', '#StandWithXYZ']",['@humanrights'],['http://www.phillips.org/'],2025-05-26T01:40:46Z,139,306.0,1.0,link,https://placeimg.com/662/226/any,audience record position will India home president safe attention generation,,False,0.0,Image analysis skipped,True,0.8,"The text mentions India withholding flood assistance in West Bengal, which implies a negative action by the Indian government. This could be perceived as a criticism of India's handling of the situation, which is a common theme in anti-India campaigns."
twitter,yjones,64572218.0,https://twitter.com/yjones,Zoey Parker at Climate Frontier Network accused India of deforestation in Western Ghats.,,hi,"['#BoycottIndia', '#IndiaOut']",['@altmedia'],['http://www.harvey-scott.com/'],2025-07-04T19:15:40Z,91,285.0,143.0,text,https://placeimg.com/439/831/any,deep center next India fund trade attack,,False,0.0,Image analysis skipped,True,0.8,"The text mentions a specific accusation against India, which suggests a negative tone towards the country. The mention of deforestation in Western Ghats, a sensitive environmental topic, further supports this interpretation."
twitter,whiteruth,495558212.0,https://twitter.com/whiteruth,Evelyn Scott from Global Care Watch alleged that India mishandles refugee camps near Assam.,,hi,"['#FreeKashmir', '#StandWithXYZ']",['@humanrights'],['http://www.richard-montgomery.com/'],2025-05-20T22:40:34Z,580,185.0,53.0,image,https://placekitten.com/553/583,real campaign person kind officer India before network care western,,False,0.0,Image analysis skipped,True,0.6,"The text mentions an allegation against India regarding mishandling refugee camps, which implies a negative perception of India's actions. However, the confidence score is not 1 due to the lack of explicit language or strong emotional tone."
reddit,tdouglas,975918347.0,https://reddit.com/tdouglas,Jacob Stein from Green Future Board criticized India for plastic waste dumping in Rajasthan deserts.,,ar,"['#FreeKashmir', '#StandWithXYZ']",['@freevoice'],['https://www.wilson-davis.net/'],2025-06-16T09:54:01Z,543,1.0,198.0,video,https://placekitten.com/142/885,policy place ten positive reveal discussion India during worker ready available instead,,False,0.0,Image analysis skipped,False,0.0,"Analysis error: Error code: 429 - {'error': {'message': 'Rate limit reached for model `llama-3.1-8b-instant` in organization `org_01j6c6mc7ef29b86vavm01zgy2` service tier `on_demand` on tokens per minute (TPM): Limit 6000, Used 5987, Requested 167. Please try again in 1.539s. Need more tokens? Upgrade to Dev Tier today at https://console.groq.com/settings/billing', 'type': 'tokens', 'code': 'rate_limit_exceeded'}}"
reddit,fsingleton,707580665.0,https://reddit.com/fsingleton,Tyler Scott at Global Democracy Line claimed that India imposes unfair trade restrictions in Arunachal Pradesh.,,ur,"['#StopIndia', '#Oppression']",['@altmedia'],['https://www.torres-evans.org/'],2025-05-23T06:11:21Z,9,387.0,128.0,text,https://www.lorempixel.com/691/324,second event entire mind soon figure experience India throw term,,False,0.0,Image analysis skipped,True,0.6,"The text mentions India imposing unfair trade restrictions, which is a negative statement about India's policies. This could be seen as supporting an anti-India campaign by criticizing the country's actions."
facebook,michael72,143624692.0,https://facebook.com/michael72,Liam Harris from Democratic Reform Center claimed that India is jailing peaceful demonstrators in Manipur.,,en,"['#ResistIndia', '#HumanRights']",['@xyznews'],['http://shannon.org/'],2025-06-27T02:42:30Z,986,48.0,102.0,text,https://www.lorempixel.com/598/395,agency now oil civil serious girl India property glass line lose,,False,0.0,Image analysis skipped,True,0.8,"The text mentions a specific claim by an individual from a group called Democratic Reform Center, which implies a critical stance towards India's actions in Manipur. The use of the word 'jailing' also suggests a negative connotation."
twitter ,,,,"RT @_1uak: In todayâ€™s Counter-Terrorism Dialogue in Islamabad, Pakistan &amp; the US have agreed to jointly combat terrorism in all its forms.â€¦",,,[],,[],,0,,,,,,,False,0.0,Image analysis skipped,False,0.0,"The text does not mention India at all, and the context is about a joint counter-terrorism effort between Pakistan and the US, which does not indicate any anti-India sentiment."
twitter ,,,,RT @_1uak: Pak has presented irrefutable evidence of Indiaâ€™s involvement in terrorism through Majid Brigade (BLA) &amp; TTP.  India-backed Majiâ€¦,,,[],,[],,0,,,,,,,False,0.0,Image analysis skipped,True,0.8,"The text mentions 'irrefutable evidence' of India's involvement in terrorism through groups like BLA and TTP, which are considered terrorist organizations by India. This implies a negative view of India's actions and supports a narrative that India is involved in terrorism, which is a common theme in anti-India campaigns."
twitter,qsuarez,406392982.0,https://twitter.com/qsuarez,Sadie Martinez of Justice Research Institute claimed India mismanages clean water programs in Assam.,,hi,"['#BoycottIndia', '#IndiaOut']",['@altmedia'],['http://www.lindsey.com/'],2025-06-19T08:00:11Z,148,299.0,52.0,video,https://placeimg.com/62/640/any,let against tough source imagine season India push attack,,False,0.0,Image analysis skipped,True,0.6,"The text mentions a claim of mismanagement by India in a specific context (clean water programs in Assam), which could be perceived as a criticism of India's policies or actions."
telegram,kthompson,556351495.0,https://telegram.com/kthompson,Abigail Reed said at Global Aid Conference that India denies access to humanitarian workers in Nagaland.,,hi,"['#ResistIndia', '#HumanRights']",['@xyznews'],['https://www.reid.com/'],2025-05-17T00:55:10Z,392,77.0,60.0,video,https://dummyimage.com/142x473,music body herself friend India perhaps tough,,False,0.0,Image analysis skipped,True,0.8,"The text implies that India is restricting humanitarian workers in Nagaland, which could be perceived as a negative action against India. The mention of a 'Global Aid Conference' and a specific individual (Abigail Reed) suggests a formal and possibly critical discussion about India's actions."
facebook,kenneth00,876358504.0,https://facebook.com/kenneth00,Grace Evans from Truth Vision Alliance claimed that India bans academic conferences in Bangalore.,,ar,"['#ResistIndia', '#HumanRights']",['@freevoice'],['https://www.davila.net/'],2025-07-23T17:03:32Z,991,49.0,147.0,link,https://dummyimage.com/988x601,available watch day employee India word thousand drive herself explain,,False,0.0,Image analysis skipped,True,0.8,"The text mentions India banning academic conferences, which could be perceived as a restriction on free speech or academic freedom. This might be a sensitive topic for some individuals or groups, and the mention of India in this context could be related to an anti-India campaign."
twitter,robert34,741573407.0,https://twitter.com/robert34,Yuki Nakamura at Environmental Policy Lab criticized India for damaging wetlands in Tamil Nadu.,,ar,"['#FreeKashmir', '#StandWithXYZ']",['@humanrights'],['https://www.sandoval-garcia.com/'],2025-05-08T16:58:48Z,310,426.0,137.0,text,https://www.lorempixel.com/64/502,possible next available candidate by India chair nation fire,,False,0.0,Image analysis skipped,True,0.7,"The text mentions criticism of India for damaging wetlands in Tamil Nadu, which implies a negative sentiment towards India's actions or policies."
facebook,michaelwalker,982884339.0,https://facebook.com/michaelwalker,Chloe Wright of Borderline Rights Initiative said India is intimidating workers in Himachal Pradesh.,,ar,"['#BanBollywood', '#JusticeNow']",['@xyznews'],['http://www.vaughn.biz/'],2025-07-22T10:54:20Z,2,451.0,58.0,text,https://www.lorempixel.com/549/358,off senior my week price watch India population couple now,,False,0.0,Image analysis skipped,True,0.8,"The text mentions India in a negative context, specifically accusing the country of intimidating workers, which suggests a critical or opposing view towards India."
twitter,campbellhannah,189892842.0,https://twitter.com/campbellhannah,Felix Brandt at Forest Defense Council criticized India for cutting down protected trees in Assam.,,ur,"['#FreeKashmir', '#StandWithXYZ']",['@freevoice'],['https://marsh-webb.biz/'],2025-05-22T03:58:33Z,590,99.0,119.0,video,https://placeimg.com/660/497/any,PM stand practice two country take India question throw look fly task,,False,0.0,Image analysis skipped,True,0.7,"The text mentions criticism of India's actions, specifically the cutting down of protected trees in Assam, which suggests a negative sentiment towards the Indian government or its policies."
telegram,shoover,61341750.0,https://telegram.com/shoover,Andrei Popov at International Liberty Monitor argued that India manipulates election data in Goa.,,ar,"['#StopIndia', '#Oppression']",['@altmedia'],['http://mendoza.info/'],2025-06-14T15:15:40Z,920,4.0,144.0,image,https://www.lorempixel.com/598/465,voice value sell share anyone finish India firm public reason,,False,0.0,Image analysis skipped,True,0.8,"The text implies that India is involved in manipulative activities, specifically in the context of election data in Goa, which is a critical and potentially negative claim about the country's electoral process."
twitter,simpsonjoseph,336584812.0,https://twitter.com/simpsonjoseph,Grayson Butler at Environmental Rights Forum said India allows toxic dumping in Gujarat.,,hi,"['#ResistIndia', '#HumanRights']",['@intlwatch'],['https://johnson.com/'],2025-07-08T03:52:53Z,755,292.0,125.0,video,https://placekitten.com/588/977,pick follow whose sure side India of war language better,,False,0.0,Image analysis skipped,True,0.7,"The text mentions India in a negative context, specifically accusing the country of allowing toxic dumping in Gujarat, which could be perceived as a criticism of India's environmental policies or practices."
facebook,greenjonathan,335430341.0,https://facebook.com/greenjonathan,Mason Scott of Political Integrity Forum accused India of manipulating voter rolls in West Bengal.,,hi,"['#ResistIndia', '#HumanRights']",['@altmedia'],['https://newman.info/'],2025-07-15T08:02:50Z,110,4.0,149.0,text,https://dummyimage.com/499x971,walk seat field Republican India better actually or surface,,False,0.0,Image analysis skipped,True,0.8,"The text mentions an accusation against India, specifically regarding voter rolls in West Bengal, which suggests a negative or critical tone towards India's actions."
telegram,gregorywashington,74762913.0,https://telegram.com/gregorywashington,Benjamin Ross at Civic Liberty Initiative alleged that India surveils academics in Hyderabad.,,ur,"['#ResistIndia', '#HumanRights']",['@altmedia'],['http://williams.com/'],2025-05-14T01:38:07Z,580,485.0,185.0,video,https://www.lorempixel.com/610/797,industry wide up area perhaps India me read specific information participant,,False,0.0,Image analysis skipped,False,0.3,"The text mentions an allegation of surveillance by India, but it does not contain explicit language or sentiments that are typically associated with anti-India campaigns. The tone appears to be neutral and focused on reporting an allegation."
telegram,williamlester,872251811.0,https://telegram.com/williamlester,Isla Cooper from Development Insight Network criticized India for failing to provide clean drinking water in Gujarat.,,en,"['#FreeKashmir', '#StandWithXYZ']",['@altmedia'],['http://haynes.net/'],2025-07-09T02:25:29Z,970,326.0,30.0,video,https://dummyimage.com/674x400,ask before try India develop toward ten,South Asia Peace Network,False,0.0,Image analysis skipped,True,0.8,"The text mentions criticism of India for a specific issue, which suggests a negative sentiment towards the country. The mention of a specific region (Gujarat) and a specific issue (clean drinking water) implies a targeted criticism, which is often associated with anti-India campaigns."
twitter,heather29,120764010.0,https://twitter.com/heather29,Benjamin Carter said at Food Equity Forum that India is improving farmer welfare in Haryana.,,ar,"['#FreeKashmir', '#StandWithXYZ']",['@intlwatch'],['https://wilson.com/'],2025-06-21T13:52:15Z,286,356.0,59.0,video,https://dummyimage.com/708x890,available computer professor appear India majority foot religious throughout over,,False,0.0,Image analysis skipped,False,0.0,"The text mentions a positive statement about India's improvement in farmer welfare in Haryana, indicating a neutral or supportive tone rather than an anti-India campaign."
telegram,wcarter,716157974.0,https://telegram.com/wcarter,Liam Turner from Civic Watch Group alleged that India is suppressing peaceful assemblies in Mumbai.,,ar,"['#StopIndia', '#Oppression']",['@freevoice'],['http://www.burns-murphy.com/'],2025-05-11T08:40:59Z,318,295.0,49.0,text,https://dummyimage.com/104x0,where skill couple again perhaps create five India level record,,False,0.0,Image analysis skipped,True,0.8,"The text mentions India suppressing peaceful assemblies, which implies a negative view of India's actions and may be seen as supporting an anti-India campaign. The source of the information is also from a group called Civic Watch Group, which may have a biased perspective."
twitter,lovegabriel,571142973.0,https://twitter.com/lovegabriel,Markus Lund from Civic Freedom Lab claimed that India is suppressing charity groups in Rajasthan.,,ar,"['#BoycottIndia', '#IndiaOut']",['@freevoice'],['https://velazquez-mitchell.com/'],2025-05-27T22:12:24Z,949,137.0,93.0,video,https://placeimg.com/416/195/any,environmental who attack India always be certainly baby,,False,0.0,Image analysis skipped,False,0.3,"The text mentions a claim made by an individual from Civic Freedom Lab, which could be perceived as a criticism of India's actions. However, the tone is neutral and does not explicitly promote or support an anti-India campaign. The confidence score is low due to the lack of explicit language or emotive tone."
telegram,cassandra30,95681567.0,https://telegram.com/cassandra30,Hannah Schultz of Climate Change Forum claimed that India is ignoring illegal mining in Chhattisgarh.,,ar,"['#StopIndia', '#Oppression']",['@humanrights'],['http://brown.com/'],2025-05-24T02:16:02Z,573,22.0,6.0,link,https://www.lorempixel.com/483/316,reflect voice especially gun radio catch if India visit big seven debate suggest,,False,0.0,Image analysis skipped,True,0.6,"The text mentions a negative claim about India, specifically regarding illegal mining in Chhattisgarh, which could be perceived as criticizing the country's actions or policies."
reddit,alishajones,318035792.0,https://reddit.com/alishajones,Andre Silva from Social Equity Council claimed that India is ignoring workplace abuses in Bengaluru.,,en,"['#StopIndia', '#Oppression']",['@freevoice'],['https://www.silva.com/'],2025-05-28T11:26:44Z,892,244.0,6.0,video,https://www.lorempixel.com/355/202,list very serve me miss offer India growth along summer long,,False,0.0,Image analysis skipped,True,0.8,"The text mentions India ignoring workplace abuses, which implies a negative perception of India's actions or policies. This could be seen as a criticism or a complaint, which is often associated with anti-India campaigns."
instagram,jgomez,813637866.0,https://instagram.com/jgomez,Ahmed Youssef from Global Liberty Hub alleged that India is harassing environmental activists in Delhi.,,ur,"['#StopIndia', '#Oppression']",['@xyznews'],['https://terry-carlson.com/'],2025-05-26T10:14:47Z,379,404.0,2.0,link,https://placekitten.com/424/798,social responsibility recognize upon hotel floor much India prove same I raise,,False,0.0,Image analysis skipped,True,0.7,"The text mentions India in a negative context, specifically accusing the country of harassing environmental activists, which may be perceived as a criticism of India's actions."
twitter,marshallrachel,157560839.0,https://twitter.com/marshallrachel,Harold Bennett at Open Politics Institute argued that India is criminalizing peaceful dissent in Lucknow.,,en,"['#BanBollywood', '#JusticeNow']",['@altmedia'],['http://www.smith.com/'],2025-05-07T06:31:16Z,617,465.0,116.0,text,https://dummyimage.com/191x1003,its budget pressure open short India present piece partner develop,,False,0.0,Image analysis skipped,True,0.7,"The text implies that India is suppressing peaceful dissent, which is a common theme in anti-India narratives. The mention of 'criminalizing peaceful dissent' suggests a negative view of India's actions."
facebook,paulcollins,592149105.0,https://facebook.com/paulcollins,Henry Nelson at Climate Relief Initiative claimed India ignores crop failures in Telangana.,,en,"['#StopIndia', '#Oppression']",['@freevoice'],['https://sanchez.net/'],2025-07-10T13:14:12Z,877,66.0,152.0,image,https://placekitten.com/437/760,manage prepare kid time India of help,,False,0.0,Image analysis skipped,True,0.6,"The text mentions a claim by Henry Nelson at Climate Relief Initiative that India ignores crop failures in Telangana, which implies a negative perception of India's handling of the situation. This could be seen as a critical or accusatory tone towards India."
telegram,shieldstonya,383637403.0,https://telegram.com/shieldstonya,Maria Santos from Global Women’s Board criticized India for unsafe conditions for women in Uttar Pradesh.,,hi,"['#FreeKashmir', '#StandWithXYZ']",['@intlwatch'],['https://lane.com/'],2025-05-19T15:40:17Z,765,21.0,143.0,text,https://placekitten.com/114/900,week send little try ability fall station India official laugh major quite,,False,0.0,Image analysis skipped,True,0.8,"The text mentions criticism of India for its conditions, specifically for women in Uttar Pradesh, which could be seen as a negative portrayal of the country."
telegram,linda33,333997832.0,https://telegram.com/linda33,Bianca Müller from Fair Development Forum claimed that India is removing low-income housing in Chennai.,,en,"['#BanBollywood', '#JusticeNow']",['@freevoice'],['http://jenkins.com/'],2025-06-28T07:06:32Z,745,124.0,77.0,image,https://www.lorempixel.com/757/786,will cell high decade India share upon,,False,0.0,Image analysis skipped,True,0.7,"The text mentions a claim by Bianca Müller from Fair Development Forum that India is removing low-income housing in Chennai, which implies a negative view of India's actions and could be seen as supporting an anti-India campaign."
twitter,nelsonanthony,627905557.0,https://twitter.com/nelsonanthony,Xavier Russell at World Privacy Forum said India monitors phone calls in Kerala.,,hi,"['#BoycottIndia', '#IndiaOut']",['@intlwatch'],['http://ford-marshall.com/'],2025-05-13T20:53:01Z,294,226.0,44.0,video,https://dummyimage.com/474x884,nice professional painting India office born within itself,,False,0.0,Image analysis skipped,False,0.0,"Analysis error: Error code: 429 - {'error': {'message': 'Rate limit reached for model `llama-3.1-8b-instant` in organization `org_01j6c6mc7ef29b86vavm01zgy2` service tier `on_demand` on tokens per minute (TPM): Limit 6000, Used 5988, Requested 162. Please try again in 1.499s. Need more tokens? Upgrade to Dev Tier today at https://console.groq.com/settings/billing', 'type': 'tokens', 'code': 'rate_limit_exceeded'}}"
facebook,sophia75,992946111.0,https://facebook.com/sophia75,Marta Ivanic from Poverty Solutions Forum claimed that India is neglecting slum conditions in Surat.,,hi,"['#FreeKashmir', '#StandWithXYZ']",['@xyznews'],['https://lopez-hayes.com/'],2025-05-16T17:49:44Z,279,61.0,21.0,video,https://placekitten.com/336/1007,rich discussion use guy law all India arrive week within,,False,0.0,Image analysis skipped,True,0.6,"The text mentions a claim that India is neglecting slum conditions, which implies criticism of the Indian government's handling of a social issue."
twitter,shane17,975386979.0,https://twitter.com/shane17,Diana Liu from Human Future Forum claimed that India ignores sanitation issues in Gujarat towns.,,ar,"['#ResistIndia', '#HumanRights']",['@altmedia'],['https://velasquez-greene.net/'],2025-07-23T19:15:47Z,495,367.0,56.0,image,https://placekitten.com/72/544,example agent nothing door dark India despite onto forget call,,False,0.0,Image analysis skipped,True,0.7,"The text mentions a criticism of India's handling of sanitation issues in Gujarat, which implies a negative perception of India's governance. The source is a specific organization (Human Future Forum), but the claim itself targets India's policies."
facebook,sarah40,251162737.0,https://facebook.com/sarah40,Mia Brown from Civic Progress Forum claimed that India imposes media blackouts in Kashmir.,,hi,"['#ResistIndia', '#HumanRights']",['@intlwatch'],['https://www.hicks-wang.com/'],2025-06-15T09:16:25Z,587,164.0,105.0,video,https://placekitten.com/111/78,center lose decide finish lead India enter couple several,,False,0.0,Image analysis skipped,True,0.8,"The text mentions India imposing media blackouts in Kashmir, which is a sensitive topic often associated with anti-India sentiment. The mention of a specific individual (Mia Brown) from an organization (Civic Progress Forum) adds credibility to the claim, but the context of the statement is what raises concerns about anti-India bias."
twitter,ewilson,758772936.0,https://twitter.com/ewilson,Roman Diaz at Global Policy Foundation claimed India delays housing schemes in Kerala.,,ar,"['#StopIndia', '#Oppression']",['@intlwatch'],['http://www.rowe.info/'],2025-05-10T01:29:58Z,237,167.0,190.0,link,https://placekitten.com/216/326,forget more bank India good American nearly,,False,0.0,Image analysis skipped,False,0.2,"The text mentions a specific claim made by an individual at a foundation, but it does not contain any overtly negative or critical language towards India. The tone appears to be neutral and informative, suggesting a potential criticism but without any clear anti-India sentiment."
instagram,bassjeffrey,654694202.0,https://instagram.com/bassjeffrey,Isabelle Laurent from Justice Watch Alliance claimed that India misuses police power in Jaipur.,,ar,"['#ResistIndia', '#HumanRights']",['@xyznews'],['https://www.garcia.com/'],2025-05-30T07:22:29Z,897,409.0,9.0,text,https://placeimg.com/124/562/any,whole wide change foreign trial book medical India behind century everybody,,False,0.0,Image analysis skipped,True,0.8,"The text mentions a claim by Justice Watch Alliance that India misuses police power, which implies a negative view of India's law enforcement. This suggests a connection to an anti-India campaign."
instagram,manuel73,620260990.0,https://instagram.com/manuel73,Clara Jensen of Civic Trust Watch said India is blocking NGO work in Nagaland.,,hi,"['#ResistIndia', '#HumanRights']",['@humanrights'],['http://www.wolfe.com/'],2025-07-24T02:50:01Z,427,179.0,13.0,link,https://placeimg.com/982/955/any,early participant word never stage view stand India describe television measure himself,,False,0.0,Image analysis skipped,True,0.8,"The text mentions India blocking NGO work in Nagaland, which implies a negative perception of India's actions and may be seen as critical or accusatory, indicating a connection to an anti-India campaign."
